"org"	"sentiment"	"text"
"yelp-165"	1	"Restaurant is always full but never a wait."
"yelp-82"	0	"walked in and the place smelled like an old grease trap and only 2 others there eating."
"amazon-401"	0	"what a disappointment"
"amazon-507"	0	"I would not recommend this item to anyone."
"yelp-917"	0	"There is really nothing for me at postinos, hope your experience is better"
"imdb-717"	0	"The lines, the cuts, the audio, everything is wrong.  "
"amazon-744"	0	"Bought mainly for the charger, which broke soon after purchasing."
"amazon-479"	1	"It holds a charge for a long time, is reasonably comfortable under long-wearing conditions and the quality of sound is tremendous."
"amazon-307"	1	"Has been working great."
"yelp-607"	1	"It was awesome."
"yelp-358"	1	"As always the evening was wonderful and the food delicious!"
"amazon-985"	0	"Adapter does not provide enough charging current."
"amazon-598"	1	"A pretty good product."
"imdb-987"	1	";) Recommend with confidence!  "
"amazon-918"	1	"Leopard Print is wonderfully wild!."
"amazon-703"	1	"* Comes with a strong light that you can use to light up your camera shots, and even flash SOS signals (seriously!"
"imdb-597"	1	"The characters were all funny and had the peculiarity of not having a true lead character.  "
"yelp-632"	1	"The roast beef sandwich tasted really good!"
"amazon-823"	1	"I have been very satisfied with this cell phone from day one."
"imdb-224"	0	"This is a chilly, unremarkable movie about an author living/working in a chilly abstruse culture.  "
"yelp-194"	1	"I had a salad with the wings, and some ice cream for dessert and left feeling quite satisfied."
"amazon-499"	0	"Bad Purchase."
"imdb-824"	1	"I struggle to find anything bad to say about it.  "
"amazon-263"	1	"Works great."
"imdb-174"	0	"I mean this in a terrible way.  "
"amazon-176"	1	"Superb Phone on a Great Network."
"yelp-506"	0	"I would not recommend this place."
"imdb-473"	0	"The plot, such as it is, is so derivative and predictable that the ending is like a mercy killing.  "
"imdb-704"	0	"The results, well, are a shame.  "
"imdb-403"	1	"It was very popular when I was in the cinema, a good house and very good reactions and plenty of laughs.  "
"yelp-161"	0	"I came back today since they relocated and still not impressed."
"imdb-330"	0	"This movie is terrible.  "
"amazon-92"	1	"Made very sturdy."
"imdb-463"	0	"Considering the relations off screen between Taylor and Stanwyck, it was surprising how little chemistry there was on screen between the two of them.  "
"yelp-622"	0	"Very disappointing!!!"
"amazon-472"	0	"The update procedure is difficult and cumbersome."
"imdb-269"	1	"It ranks highly as a great noir-crime-drama, incredible performances by Belmondo and Lino Ventura.  "
"yelp-524"	0	"first time there and might just be the last."
"amazon-990"	0	"The text messaging feature is really tricky to use."
"amazon-413"	1	"Jawbone Era is awesome too!"
"imdb-950"	1	"Simply beautiful.  "
"yelp-770"	1	"* Both the Hot & Sour & the Egg Flower Soups were absolutely 5 Stars!"
"amazon-31"	0	"This is a simple little phone to use, but the breakage is unacceptible."
"yelp-296"	1	"You get incredibly fresh fish, prepared with care."
"yelp-513"	1	"By far the BEST cheesecurds we have ever had!"
"yelp-341"	0	"the spaghetti is nothing special whatsoever."
"amazon-153"	1	"I had absolutely no problem with this headset linking to my 8530 Blackberry Curve!"
"yelp-676"	1	"A fantastic neighborhood gem !!!"
"amazon-854"	0	"These products cover up the important light sensor above the ear outlet."
"imdb-363"	1	"Everything from acting to cinematography was solid.  "
"yelp-799"	0	"Mediocre food."
"amazon-299"	0	"Customer service was terrible."
"yelp-798"	1	"This place is great!!!!!!!!!!!!!!"
"yelp-101"	1	"Our server was fantastic and when he found out the wife loves roasted garlic and bone marrow, he added extra to our meal and another marrow to go!"
"amazon-175"	1	"The file browser offers all the options that one needs.Handsfree is great."
"amazon-380"	0	"Soyo technology sucks."
"yelp-484"	0	"The selection of food was not the best."
"amazon-979"	1	"It fits so securely that the ear hook does not even need to be used and the sound is better directed through your ear canal."
"amazon-186"	1	"Incredible!."
"imdb-618"	1	"The characters are interesting and you really care for them.  "
"amazon-908"	0	"How stupid is that?"
"imdb-484"	1	"I have seen many movies starring Jaclyn Smith, but my god this was one of her best, though it came out 12 years ago.  "
"imdb-756"	1	"Nine out of ten for a truly lovely film.  "
"yelp-184"	0	"It was probably dirt."
"amazon-385"	1	"Magical Help."
"amazon-328"	0	"The plug did not work very well."
"yelp-682"	0	"Your staff spends more time talking to themselves than me."
"imdb-736"	0	"Nothing new there.  "
"amazon-894"	0	"Bad Reception."
"amazon-35"	1	"Car charger as well as AC charger are included to make sure you never run out of juice.Highy recommended"
"yelp-843"	1	"I ate there twice on my last visit, and especially enjoyed the salmon salad."
"imdb-274"	1	"You truly take this journey through the eyes and soul of a child.  "
"amazon-113"	1	"its a little geeky but i think thats its sex on toast and it rocks and oozes sex right down to its battery embedded sleek stylish leather case."
"yelp-760"	0	"The service was poor and thats being nice."
"amazon-739"	1	"The design is very good.4."
"amazon-724"	0	"Think it over when you plan to own this one!This sure is the last MOTO phone for me!"
"amazon-810"	1	"I have a Verizon LG phone and they work well together, good reception and range that exceeds 20 feet line of sight."
"amazon-467"	0	"No buyers remorse on this one!."
"yelp-906"	0	"Also, I feel like the chips are bought, not made in house."
"imdb-5"	1	"The best scene in the movie was when Gerardo is trying to find a song that keeps running through his head.  "
"imdb-863"	1	"A film not easily forgotten.  "
"yelp-784"	0	"Bland and flavorless is a good way of describing the barely tepid meat."
"amazon-565"	0	"Yet Plantronincs continues to use the same flawed charger design."
"amazon-532"	0	"They refuse to refund or replace."
"amazon-433"	0	"Low Quality."
"yelp-348"	1	"Classy/warm atmosphere, fun and fresh appetizers, succulent steaks (Baseball steak!!!!!"
"imdb-102"	0	"Frankly, after Cotton club and Unfaithful, it was kind of embarrassing to watch Lane and Gere in this film, because it is BAD.  "
"yelp-170"	1	"Bacon is hella salty."
"amazon-419"	0	"Att is not clear, sound is very distorted and you have to yell when you talk."
"imdb-303"	0	"I literally vomited while watching this film.  "
"amazon-834"	0	"My father has the V265, and the battery is dying."
"yelp-591"	1	"Great place fo take out or eat in."
"yelp-888"	0	"After 20 minutes wait, I got a table."
"amazon-138"	1	"My headset works just peachy-keen."
"amazon-833"	0	"dont buy it."
"imdb-64"	1	"I enjoyed reading this book to my children when they were little.  "
"imdb-628"	1	"I saw this film over Christmas, and what a great film it was!  "
"amazon-150"	0	"After 3 months, screen just went black all of a sudden."
"amazon-695"	0	"The design might be ergonomic in theory but I could not stand having these in my ear."
"amazon-91"	0	"For a product that costs as much as this one does, I expect it to work far better and with greater ease than this thing does."
"amazon-804"	0	"If there is a wind, it is completely useless."
"amazon-193"	1	"Lately they have been extremely nice and helpful on the phone."
"imdb-419"	0	"& That movie was bad.  "
"imdb-199"	0	"So bad.  "
"amazon-317"	1	"We have gotten a lot of compliments on it."
"yelp-145"	1	"Nice blanket of moz over top but i feel like this was done to cover up the subpar food."
"imdb-146"	0	"This movie is a pure disaster, the story is stupid and the editing is the worst I have seen, it confuses you incredibly.  "
"imdb-328"	0	"Which has more depth and character than the man underneath it.  "
"amazon-554"	1	"The seller is very understanding and patient, I would definitely buy from them again."
"yelp-418"	1	"I really enjoyed eating here."
"imdb-285"	0	"When I saw it in the theater I thought I was going to be sick.  "
"amazon-537"	1	"Bluetooth range is good - a few days ago I left my phone in the trunk, got a call, and carried the conversation without a hitch."
"yelp-540"	1	"The steak and the shrimp are in my opinion the best entrees at GC."
"imdb-254"	0	"The acting sucked.  "
"imdb-978"	0	"Instead, we got a bore fest about a whiny, spoiled brat babysitting.  "
"yelp-380"	0	"The staff are now not as friendly, the wait times for being served are horrible, no one even says hi for the first 10 minutes."
"yelp-98"	1	"Food arrived quickly!"
"yelp-225"	0	"It was either too cold, not enough flavor or just bad."
"yelp-905"	0	"-My order was not correct."
"imdb-816"	1	"But this understated film leaves a lasting impression.  "
"yelp-983"	0	"Food was below average."
"yelp-722"	1	"The chicken was deliciously seasoned and had the perfect fry on the outside and moist chicken on the inside."
"imdb-540"	0	"i wouldnt see this movie again for free.  "
"imdb-521"	0	"It is zillion times away from reality.  "
"imdb-369"	0	"I felt as though her going to Ireland did absolutely nothing whatsoever.  "
"yelp-391"	1	"If you want healthy authentic or ethic food, try this place."
"yelp-311"	1	"Fantastic food!"
"imdb-87"	1	"I gave it a 10  "
"amazon-814"	1	"The Jabra EarGels fit my ears very well."
"yelp-618"	0	"Despite how hard I rate businesses, its actually rare for me to give a 1 star."
"imdb-939"	1	"This movie is great--especially if you enjoy visual arts.  "
"yelp-653"	1	"It is PERFECT for a sit-down family meal or get together with a few friends."
"yelp-527"	0	"And it was way to expensive."
"yelp-153"	0	"We waited for forty five minutes in vain."
"amazon-530"	1	"Razr Battery - Good buy."
"amazon-50"	0	"Disappointed with battery."
"amazon-266"	1	"Battery life is real good."
"imdb-410"	1	"Vivian Schilling did an excellent job with the script.  "
"yelp-472"	0	"The one down note is the ventilation could use some upgrading."
"imdb-461"	0	"I know he was a contract player with little control over his scripts, but the acting was as bad as the script.  "
"amazon-452"	1	"Portable and it works."
"amazon-259"	1	"Excellent hands free tool."
"imdb-853"	0	"The acting is beyond abysmal.  "
"amazon-282"	1	"I love this bluetooth!"
"amazon-236"	1	"One of my favorite purchases ever."
"amazon-830"	1	"Really good product."
"imdb-511"	0	"Things happen, characters personalities change, plot twists occur for no real reason other than that script calls for it.  "
"imdb-702"	0	"How awful she is!  "
"amazon-713"	0	"Poor quality."
"imdb-626"	0	"Regardless, the film fails on most levels.  "
"yelp-656"	0	"The fried rice was dry as well."
"amazon-38"	0	"Poor Talk Time Performance."
"yelp-27"	0	"- They never brought a salad we asked for."
"yelp-557"	0	"AVOID THIS ESTABLISHMENT!"
"yelp-263"	1	"The restaurant atmosphere was exquisite."
"amazon-355"	0	"Excellent starter wireless headset."
"yelp-321"	0	"The only downside is the service."
"yelp-621"	0	"I had the chicken Pho and it tasted very bland."
"amazon-339"	0	"It was an inexpensive piece, but I would still have expected better quality."
"yelp-52"	1	"He came running after us when he realized my husband had left his sunglasses on the table."
"amazon-226"	1	"These are certainly very comfortable and functionality is decent."
"yelp-249"	1	"The lighting is just dark enough to set the mood."
"yelp-812"	0	"The service was terrible though."
"amazon-980"	0	"Not enough volume."
"yelp-707"	1	"The atmosphere here is fun."
"imdb-200"	0	"The film is way too long.  "
"yelp-230"	1	"This is the place where I first had pho and it was amazing!!"
"amazon-978"	1	":-)Oh, the charger seems to work fine."
"amazon-835"	0	"However, the ear pads come off easily and after only one week I lost one."
"imdb-606"	0	"In conclusion, I will not bother with this movie because a volcano in Los Angeles is nothing but nonsense.  "
"amazon-841"	0	"It would take too long to describe how bad my customer service experience has been with Amazon."
"imdb-384"	1	"The sets (especially designed to work with the camera) are amazing....stylized, beautiful and effective.  "
"yelp-687"	1	"Prices are very reasonable, flavors are spot on, the sauce is home made, and the slaw is not drenched in mayo."
"amazon-592"	1	"Linked to my phone without effort."
"yelp-315"	1	"Great food for the price, which is very high quality and house made."
"imdb-974"	0	"This one wants to surf on the small wave of space movies in 1998 (Deep Impact and Armageddon), and this one fails everywhere.  "
"amazon-765"	0	"wont work right or atleast for me."
"yelp-277"	1	"I liked the patio and the service was outstanding."
"yelp-559"	1	"All of the tapas dishes were delicious!"
"amazon-682"	0	"camera color balance is AWFUL."
"imdb-656"	1	"Also great directing and photography.  "
"imdb-918"	1	"Hopefully, the director James Cox can turn the short into a feature length film with the same cast, or win us over with a whole new film.  "
"yelp-262"	0	"I have been in more than a few bars in Vegas, and do not ever recall being charged for tap water."
"amazon-736"	1	"Provides good protection and looks classy, too."
"yelp-412"	1	"Come hungry, leave happy and stuffed!"
"imdb-914"	0	"So I am here to warn you--DO NOT RENT THIS MOVIE, it is the dumbest thing you have never seen!  "
"amazon-462"	1	"We would recommend these to others."
"imdb-587"	0	"Is it possible for a movie to get any worse than this?  "
"imdb-79"	1	"Alexander Nevsky is a great film.  "
"amazon-750"	1	".... Item arrived quickly and works great with my Metro PCS Samsung SCH-r450 slider phone and Sony Premium Sound in ear plugs."
"yelp-646"	0	"Very bad Experience!"
"amazon-242"	0	"the phone was unusable and was not new."
"amazon-125"	1	"Gets the job done."
"amazon-933"	0	"[...] down the drain because of a weak snap!"
"yelp-283"	0	"I waited and waited."
"yelp-767"	1	"One of the few places in Phoenix that I would definately go back to again ."
"imdb-230"	1	"I was totally fascinated by the music, the dancing... everything.  "
"imdb-906"	0	"One of the most boring,pointless movies I have ever seen.  "
"yelp-197"	0	"The live music on Fridays totally blows."
"yelp-152"	1	"This is a great restaurant at the Mandalay Bay."
"yelp-536"	1	"An excellent new restaurant by an experienced Frenchman."
"amazon-973"	0	"Earbud piece breaks easily."
"imdb-925"	0	"Really awful.  "
"yelp-55"	1	"The portion was huge!"
"yelp-514"	1	"Reasonably priced also!"
"amazon-345"	0	"Worst customer service."
"yelp-252"	0	"There is nothing privileged about working/eating there."
"yelp-891"	1	"My boyfriend tried the Mediterranean Chicken Salad and fell in love."
"imdb-434"	0	"It came free with a DVD player I bought but I still turned the thing off halfway through because I was embarrassed for Howell.  "
"amazon-688"	0	"i would advise to not purchase this item it never worked very well."
"yelp-126"	0	"Host staff were, for lack of a better word, BITCHES!"
"imdb-155"	0	"Again, no plot at all.  "
"yelp-526"	0	"Similarly, the delivery man did not say a word of apology when our food was 45 minutes late."
"amazon-231"	0	"The battery is completely useless to me."
"yelp-150"	0	"We watched our waiter pay a lot more attention to other tables and ignore us."
"imdb-470"	0	"A cheap and cheerless heist movie with poor characterisation, lots of underbite style stoic emoting (think Chow Yun Fat in A Better Tomorrow) and some cheesy clichés thrown into an abandoned factory ready for a few poorly executed flying judo rolls a la John Woo.  "
"yelp-553"	1	"I would recommend saving room for this!"
"yelp-146"	1	"The bathrooms are clean and the place itself is well decorated."
"amazon-943"	0	"The mic there is a joke, and the volume is quite low."
"imdb-751"	0	"The football scenes at the end were perplexing.  "
"amazon-77"	0	"Do Not Buy for D807...wrongly advertised for D807."
"imdb-831"	1	"See it with your kids if you have a chance--it will open up some amazing dialog about how far race relations have come in the last 50 years.  "
"amazon-456"	0	"Not good when wearing a hat or sunglasses."
"imdb-69"	0	"This movie totally grates on my nerves.  "
"yelp-958"	0	"The real disappointment was our waiter."
"imdb-799"	1	"It is wonderful and inspiring to watch, and I hope that it gets released again on to video or DVD.  "
"yelp-663"	1	"The owners are super friendly and the staff is courteous."
"yelp-371"	0	"I left with a stomach ache and felt sick the rest of the day."
"yelp-651"	0	"Very Very Disappointed ordered the $35 Big Bay Plater."
"yelp-460"	1	"We loved the place."
"imdb-609"	0	"And the accents are absolutely abysmal!  "
"yelp-683"	1	"Dessert: Panna Cotta was amazing."
"imdb-514"	0	"This is probably the most irritating show I have ever seen in my entire life.  "
"amazon-869"	0	"The item received was Counterfeit."
"imdb-2"	0	"Not sure who was more lost - the flat characters or the audience, nearly half of whom walked out.  "
"imdb-362"	1	"Much more interesting, more action, more suspense, and less of the unneeded controversy.  "
"imdb-246"	0	"The movie lacks visual interest, drama, expression of feeling, and celebration of the very patriotism that underlines the narrative.  "
"imdb-992"	1	"Fans of the genre will be in heaven.  "
"amazon-549"	0	"The case is a flimsy piece of plastic and has no front or side protection whatsoever."
"amazon-641"	0	"Performed awful -- muffled, tinny incoming sound and severe echo for those on the other end of the call."
"amazon-352"	1	"Works like a charm.. Works as advertised."
"imdb-237"	0	"The worst, sappiest dialogue... I could go on and on.  "
"amazon-654"	0	"Utter crap.. Sound quality is TERRIBLE."
"yelp-343"	1	"The vegetables are so fresh and the sauce feels like authentic Thai."
"imdb-808"	1	"Editing: The editing of this film was phenomenal in my opinion.  "
"yelp-285"	1	"I would definitely recommend the wings as well as the pizza."
"imdb-386"	1	"The stories were powerful explorations of the nature of man and of art.  "
"yelp-808"	0	"Not a single employee came out to see if we were OK or even needed a water refill once they finally served us our food."
"amazon-952"	0	"Very much disappointed with this company."
"imdb-440"	0	"Yes, I am simplifying things here for the sake of brevity, for this really is at the core of the problems with this film - it has too much going on without any real, fulfilling explanation.  "
"amazon-357"	0	"The only thing that I think could improve is the sound leaks out from the headset."
"amazon-997"	0	"What a piece of junk.. I lose more calls on this phone."
"yelp-287"	0	"Things that went wrong: - They burned the saganaki."
"imdb-371"	0	"The jerky camera movements were also annoying.  "
"amazon-441"	0	"Very Displeased."
"amazon-342"	0	"Was not happy."
"imdb-493"	1	"But this movie really got to me.  "
"amazon-608"	0	"Sprint charges for this service."
"amazon-366"	1	"awesome device."
"amazon-652"	1	"I found the product to be easy to set up and use."
"yelp-159"	1	"this place is good."
"amazon-503"	0	"Defective crap."
"yelp-571"	0	"Eew... This location needs a complete overhaul."
"imdb-616"	1	"VERY funny!  "
"imdb-336"	0	"It was a very superficial movie and it gave me the feeling that I was watching play rather than a film.  "
"imdb-316"	1	"So for our enjoyment we get to see them run around, play games, and be dangerous.  "
"amazon-900"	1	"The pairing of the two devices was so easy it barely took a couple minutes before I started making calls with the voice dialing feature."
"amazon-621"	0	"Steer clear of this product and go with the genuine Palm replacementr pens, which come in a three-pack."
"amazon-981"	0	"Echo Problem....Very unsatisfactory"
"amazon-723"	1	"This is simply the BEST bluetooth headset for sound quality!"
"yelp-208"	0	"The WORST EXPERIENCE EVER."
"yelp-830"	0	"I do love sushi, but I found Kabuki to be over-priced, over-hip and under-services."
"amazon-286"	1	"Great phone!."
"imdb-961"	1	"I was particularly pleased with the acting ability of Dwight Schultz.  "
"imdb-66"	0	"One character is totally annoying with a voice that gives me the feeling of fingernails on a chalkboard.  "
"imdb-750"	1	"I guess I liked the details of his dysfunction--he was believable.  "
"imdb-445"	0	"Bela Lugosi was totally extraneous, intoning odd lines.  "
"yelp-649"	1	"Great food."
"amazon-241"	0	"Big Disappointment with calendar sync."
"amazon-409"	1	"Plantronics Bluetooth Excelent Buy."
"amazon-916"	0	"So I had to take the battery out of the phone put it all back together and then restart it."
"amazon-862"	0	"It was a waste of my money."
"yelp-884"	0	"I ordered Albondigas soup - which was just warm - and tasted like tomato soup with frozen meatballs."
"yelp-602"	0	"We got sitting fairly fast, but, ended up waiting 40 minutes just to place our order, another 30 minutes before the food arrived."
"yelp-66"	1	"Great food and service, huge portions and they give a military discount."
"imdb-931"	1	"I rate this movie 9/10.  "
"yelp-458"	1	"Nargile - I think you are great."
"amazon-569"	1	"Great Product."
"amazon-754"	1	"Cheap but hey it works.. Was pleasantly suprised given the low cost of this item."
"imdb-83"	1	"If there was ever a movie that needed word-of-mouth to promote, this is it.  "
"amazon-457"	1	"Timely shipment and quality product."
"imdb-601"	1	"Perabo has a nice energy level and is obviously very comfortable in front of a camera.  "
"imdb-873"	0	"The story starts too fast with absolutely no suspense or build-up in the slightest.  "
"yelp-560"	1	"I *heart* this place."
"amazon-453"	1	"My colleague & I now get great reception.A little expensive, but performance is great."
"imdb-103"	0	"The acting was bad, the dialogs were extremely shallow and insincere.  "
"amazon-487"	0	"Its not user friendly."
"imdb-874"	0	"Everything Captain Howdy says is either laughable or just plain stupid.  "
"amazon-140"	1	"Voice recognition is tremendous!"
"yelp-297"	0	"Before I go in to why I gave a 1 star rating please know that this was my third time eating at Bachi burger before writing a review."
"imdb-205"	1	"I think that it is a must see older John Wayne film.  "
"amazon-911"	1	"Good show, Samsung."
"yelp-541"	1	"I had the opportunity today to sample your amazing pizzas!"
"yelp-578"	1	"Service was good and the company was better!"
"yelp-855"	0	"The Wife hated her meal (coconut shrimp), and our friends really did not enjoy their meals, either."
"yelp-334"	0	"Everything was gross."
"yelp-242"	1	"Now this dish was quite flavourful."
"yelp-356"	1	"On the good side, the staff was genuinely pleasant and enthusiastic - a real treat."
"imdb-400"	1	"The good cinematography also makes her and Monica Bellucci look very beautiful.  "
"imdb-30"	1	"It is an insane game.  "
"yelp-558"	0	"I think this restaurant suffers from not trying hard enough."
"imdb-581"	0	"This was reflected not only in the cast, but also in the below-par script, which borrowed much from the earlier classic.  "
"amazon-934"	0	"Does not charge the Cingular (ATT) 8525 phone."
"yelp-94"	1	"Best breakfast buffet!!!"
"yelp-99"	0	"It was not good."
"amazon-26"	1	"Great Pocket PC / phone combination."
"imdb-595"	1	"The memories are murky but I can only say that I enjoyed every single episode and product related to the show.  "
"amazon-665"	1	"Does everything it should and more."
"amazon-808"	1	"The reception through this headset is excellent."
"imdb-959"	1	"I enjoyed it.  "
"imdb-976"	1	"Still, it makes up for all of this with a super ending that depicts a great sea vessel being taken out by the mighty frost.  "
"amazon-661"	0	"This does not fit the Palm Tungsten E2 and it broke the first time I tried to plug it in."
"yelp-406"	0	"Left very frustrated."
"amazon-541"	1	"I am glad I purchased it."
"yelp-754"	1	"We were sat right on time and our server from the get go was FANTASTIC!"
"yelp-239"	0	"If she had not rolled the eyes we may have stayed... Not sure if we will go back and try it again."
"amazon-22"	1	"I bought this to use with my Kindle Fire and absolutely loved it!"
"yelp-670"	0	"Google mediocre and I imagine Smashburger will pop up."
"yelp-711"	1	"That said, our mouths and bellies were still quite pleased."
"yelp-301"	1	"Good beer & drink selection and good food selection."
"amazon-294"	0	"DO NOT PURCHASE THIS PHONE."
"amazon-101"	1	"Integrated seamlessly with the Motorola RAZR phone."
"imdb-988"	1	"This movie is well-balanced with comedy and drama and I thoroughly enjoyed myself.  "
"yelp-910"	1	"This is my new fav Vegas buffet spot."
"amazon-735"	0	"We have tried 2 units and they both failed within 2 months.. Pros"
"amazon-257"	0	"The cable looks so thin and flimsy, it is scary."
"amazon-809"	1	"2 thumbs up to this seller"
"yelp-432"	1	"We loved the biscuits!!!"
"yelp-109"	1	"Will go back next trip out."
"yelp-574"	1	"He also came back to check on us regularly, excellent service."
"imdb-886"	0	"A piece of cinematic garbage captured on celluloid.  "
"yelp-764"	0	"But the service was beyond bad."
"amazon-288"	0	"Piece of Junk."
"yelp-33"	1	"I found this place by accident and I could not be happier."
"yelp-34"	0	"seems like a good quick place to grab a bite of some familiar pub food, but do yourself a favor and look elsewhere."
"amazon-879"	0	"Does not work for listening to music with the cingular 8125."
"imdb-93"	0	"It was horrendous.  "
"amazon-843"	0	"Terrible.. My car will not accept this cassette."
"imdb-170"	0	"Your brain will attempt to shut-down as part of a primal impulse of self-preservation.  "
"amazon-468"	0	"Very disappointed in AccessoryOne."
"imdb-655"	1	"There still are good actors around!  "
"yelp-382"	1	"They have great dinners."
"amazon-520"	0	"I am not impressed with this and i would not recommend this item to anyone."
"yelp-77"	0	"2 times - Very Bad Customer Service !"
"imdb-957"	1	"But it picked up speed and got right to the point.  "
"imdb-509"	0	"What this film lacks is a convincing script.  "
"yelp-971"	0	"I immediately said I wanted to talk to the manager but I did not want to talk to the guy who was doing shots of fireball behind the bar."
"yelp-217"	0	"Soggy and not good."
"imdb-210"	1	"Jamie Foxx absolutely IS Ray Charles.  "
"yelp-115"	1	"Good prices."
"imdb-234"	0	"Woa, talk about awful.  "
"imdb-88"	1	"The Wind and the Lion is well written and superbly acted.  "
"imdb-193"	0	"This movie suffered because of the writing, it needed more suspense.  "
"amazon-471"	1	"I have had TMobile service for 2 or 3 years now, and I am pretty happy with it."
"imdb-995"	0	"I never walked out of a movie faster.  "
"imdb-648"	0	"The least said about the acting the better.  "
"yelp-959"	0	"My husband said she was very rude... did not even apologize for the bad food or anything."
"imdb-327"	1	"It is not just a cult... it is a cult CLASSIC.  "
"amazon-301"	0	"Sending it back."
"amazon-618"	0	"However I needed some better instructions."
"imdb-253"	0	"The soundtrack sucked.  "
"amazon-37"	1	"It has kept up very well."
"amazon-191"	0	"The replacement died in a few weeks."
"amazon-658"	1	"The handsfree part works fine, but then the car tries to download the address book, and the Treo reboots.Overall, I still rate this device high."
"amazon-511"	1	"This frog phone charm is adorable and very eye catching."
"yelp-997"	0	"Appetite instantly gone."
"imdb-268"	1	"One of the best mexican movies ever!, and one of the less understood, even by mexican themselves, no matter how identified the should have felt with it.  "
"amazon-465"	0	"poor voice clarity."
"imdb-590"	0	"Beware: this is not a trashy cult movie, this is trash -period!  "
"imdb-471"	0	"Even the squibs look awful.  "
"amazon-620"	1	"Worked very well paired with a Treo 700w and as a Skype headset on my PC (using a USB Bluetooth transceiver)."
"amazon-68"	1	"It feels more comfortable than most headsets because I wear glasses and that gets in the way sometimes."
"yelp-134"	0	"The management is rude."
"amazon-667"	1	"Nice Sound."
"amazon-252"	1	"O my gosh the best phone I have ever had."
"imdb-474"	0	"The awful dialogue and hopeless overacting by everyone who gets shot top off a real waste of space and time.  "
"amazon-215"	1	"fast service."
"imdb-478"	0	"The directing is sloppy at best.  "
"imdb-647"	0	"The film lacks any real scares or tension & some of the medical terminology used throughout is a bit iffy to say the least & I say that as an insulin dependant diabetic myself.  "
"imdb-141"	0	"These are the central themes of the film and they are handled ineptly, stereotypically and with no depth of imagination.  "
"imdb-460"	0	"This is one I did not have, but I watched it recently on Fox Movie Channel, and was very disappointed.  "
"yelp-533"	1	"The best place in Vegas for breakfast (just check out a Sat, or Sun."
"yelp-992"	0	"Spend your money and time some place else."
"imdb-163"	0	"Awful.  "
"amazon-651"	0	"Battery is terrible."
"imdb-683"	1	"Kris Kristoffersen is good in this movie and really makes a difference.  "
"imdb-937"	1	"The two main characters may be two of the most believable children I ever saw put on screen.  "
"amazon-375"	0	"Not a good item.. It worked for a while then started having problems in my auto reverse tape player."
"amazon-719"	1	"It was a great phone."
"imdb-266"	1	"All things considered, a job very well done.  "
"yelp-700"	0	"Anyways, The food was definitely not filling at all, and for the price you pay you should expect more."
"yelp-579"	1	"The staff are also very friendly and efficient."
"amazon-314"	1	"Phone now holds charge like it did when it was new."
"imdb-714"	1	"The success of the film depends on the casting of Sydney Greenstreet as the Alexander Yardley character.  "
"imdb-518"	0	"The script is bad, very bad  it contains both cheesiness and unethical joke that you normally see in rated R or NC-17 movie.  "
"yelp-748"	1	"I always order from the vegetarian menu during dinner, which has a wide array of options to choose from."
"yelp-185"	1	"Love this place, hits the spot when I want something healthy but not lacking in quantity or flavor."
"yelp-759"	1	"The jalapeno bacon is soooo good."
"amazon-112"	1	"This phone is slim and light and the display is beautiful."
"yelp-307"	0	"Will never, ever go back."
"imdb-508"	0	"By the time the film ended, I not only disliked it, I despised it.  "
"imdb-472"	0	"At no point in the proceedings does it look remotely like America.  "
"yelp-346"	1	"Pretty good beer selection too."
"imdb-409"	1	"It really created a unique feeling though.  "
"amazon-501"	1	"The bose noise cancelling is amazing, which is very important for a NYC commuter."
"imdb-537"	0	"the movie is littered with overt racial slurs towards the black cast members and in return the whites are depicted as morons and boobs.  "
"imdb-272"	1	"Up there with the best of Melville.  "
"imdb-941"	1	"The story is also both funny and poignant at times.  "
"yelp-512"	1	"Give it a try, you will be happy you did."
"imdb-126"	1	"10/10  "
"yelp-837"	1	"Just had lunch here and had a great experience."
"amazon-264"	0	"Absolutel junk."
"imdb-148"	0	"A truly, truly bad film.  "
"yelp-669"	1	"The owner used to work at Nobu, so this place is really similar for half the price."
"imdb-769"	1	"PS the only scene in the movie that was cool is when the central character finds her room blown up.  "
"yelp-378"	1	"In an interesting part of town, this place is amazing."
"imdb-875"	0	"What the hell kind of crap is that?!  "
"amazon-234"	1	"Great sound and service."
"imdb-94"	0	"There was NOTHING believable about it at all.  "
"amazon-408"	1	"Works great."
"yelp-641"	1	"The Macarons here are insanely good."
"yelp-675"	1	"Awesome service and food."
"amazon-417"	1	"An Awesome New Look For Fall 2000!."
"yelp-162"	1	"I was seated immediately."
"amazon-173"	0	"How can that be?The audio quality is poor."
"yelp-705"	1	"The cashier was friendly and even brought the food out to me."
"yelp-781"	1	"I had a pretty satifying experience."
"yelp-853"	1	"So flavorful and has just the perfect amount of heat."
"yelp-883"	1	"We definately enjoyed ourselves."
"imdb-344"	1	"Barney is definitely super DE duper.  "
"amazon-67"	0	"A week later after I activated it, it suddenly died."
"yelp-260"	0	"very tough and very short on flavor!"
"amazon-567"	0	"Cumbersome design."
"amazon-20"	0	"It clicks into place in a way that makes you wonder how long that mechanism would last."
"amazon-613"	1	"I like design and look of Jabra behing the ear headsets and 5020 is pretty comfortible to wear 24 hours a day without pain in the ear."
"amazon-558"	1	"I have purchased these for both family and friends, and all enjoy their clarity and ease of use"
"imdb-41"	0	"The very idea of it was lame - take a minor character from a mediocre PG-13 film, and make a complete non-sequel while changing its tone to a PG-rated family movie.  "
"amazon-485"	1	"I love this phone!."
"yelp-2"	0	"Crust is not good."
"yelp-93"	0	"Never been to Hard Rock Casino before, WILL NEVER EVER STEP FORWARD IN IT AGAIN!"
"yelp-576"	0	"The pizza tasted old, super chewy in not a good way."
"amazon-593"	1	"THey are so cool!"
"amazon-454"	0	"I even fully charged it before I went to bed and turned off blue tooth and wi-fi and noticed that it only had 20 % left in the morning."
"imdb-487"	1	"Overall I rate this movie a 10 out of a 1-10 scale.  "
"yelp-300"	1	"The food was excellent and service was very good."
"imdb-58"	1	"Totally believable.  "
"yelp-60"	0	"The ripped banana was not only ripped, but petrified and tasteless."
"amazon-761"	0	"Would not reccommend."
"imdb-190"	1	"An excellent performance from Ms.  "
"amazon-8"	1	"If you are Razr owner...you must have this!"
"amazon-872"	1	"I received my headset in good time and was happy with it."
"yelp-367"	0	"My wife had the Lobster Bisque soup which was lukewarm."
"yelp-163"	1	"Their menu is diverse, and reasonably priced."
"amazon-399"	1	"Sounds good reasonably priced and effective, Its that simple !"
"amazon-141"	0	"What a waste."
"imdb-672"	1	"Raw and sublimely moving.  "
"yelp-912"	0	"Very, very sad."
"imdb-869"	0	"Also the story and acting were weak.  "
"imdb-641"	1	"But it is entertaining, nonetheless.  "
"yelp-738"	1	"Try them in the airport to experience some tasty food and speedy, friendly service."
"imdb-446"	0	"The acting was decidely wooden, though no worse than a period Universal B movie.  "
"amazon-500"	1	"WELL IM SATISFIED."
"yelp-336"	1	"Great service and food."
"amazon-163"	0	"This is essentially a communications tool that does not communicate."
"yelp-434"	0	"Ordered an appetizer and took 40 minutes and then the pizza another 10 minutes."
"amazon-52"	1	"good protection and does not make phone too bulky."
"imdb-405"	1	"It has northern humour and positive about the community it represents.  "
"amazon-219"	0	"WORST PHONE EVER."
"amazon-693"	1	"I have to use the smallest earpieces provided, but it stays on pretty well."
"yelp-51"	1	"We ordered the duck rare and it was pink and tender on the inside with a nice char on the outside."
"imdb-929"	1	"Paolo Sorrentino has written a wonderful story about loneliness and Tony has built one of the most unforgettable characters seen in movies in recent years.  "
"amazon-606"	0	"This is infuriating."
"yelp-422"	0	"On the ground, right next to our table was a large, smeared, been-stepped-in-and-tracked-everywhere pile of green bird poop."
"amazon-771"	0	"AFter the first charge kept going dead after 12 minutes."
"amazon-420"	0	"The plastic breaks really easy on this clip."
"imdb-615"	0	"Omit watching this.  "
"amazon-410"	0	"I came over from Verizon because cingulair has nicer cell phones.... the first thing I noticed was the really bad service."
"amazon-388"	1	"The best phone in market :)."
"imdb-763"	1	"The movie was very interesting from beginning to the end.  "
"imdb-217"	0	"Ironically I mostly find his films a total waste of time to watch.  "
"amazon-839"	0	"Reaching for the bottom row is uncomfortable, and the send and end keys are not where I expect them to be.3."
"amazon-820"	1	"I would recommend it."
"imdb-670"	0	"Then the film just dropped the ball.  "
"yelp-187"	0	"The food sucked, which we expected but it sucked more than we could have imagined."
"yelp-530"	1	"The bartender was also nice."
"amazon-999"	0	"The only thing that disappoint me is the infra red port (irda)."
"amazon-769"	1	"Great product."
"imdb-639"	1	"I have to say that this film was excellently produced and tops the ratings as a typical sci fi film!  "
"yelp-347"	1	"This place is like Chipotle, but BETTER."
"imdb-851"	0	"Now imagine that every single one of those decisions was made wrong.  "
"yelp-450"	1	"My ribeye steak was cooked perfectly and had great mesquite flavor."
"amazon-11"	1	"And the sound quality is great."
"imdb-9"	0	"A bit predictable.  "
"imdb-835"	0	"Very disappointed and wondered how it could be in the Oscar shortlist.  "
"imdb-804"	0	"The acting from all involved and that includes those like Shatner and Nimoy is bad and washed out and making them seem as old as they look in real life, the special effects are tacky like when Spock has to rescue Kirk on a jet pack when he falls down from a mountain.  "
"amazon-696"	0	"Do NOT buy if you want to use the holster."
"imdb-586"	0	"Not recommended.  "
"yelp-400"	1	"Cooked to perfection and the service was impeccable."
"yelp-554"	0	"I guess maybe we went on an off night but it was disgraceful."
"yelp-691"	1	"It was absolutely amazing."
"yelp-45"	0	"Frozen pucks of disgust, with some of the worst people behind the register."
"amazon-248"	1	"Nice headphones for the price and they work great!"
"amazon-295"	1	"The voice recognition thru the handset is excellent."
"amazon-284"	1	"I am very impressed with this headset from Plantronics."
"amazon-311"	1	"This is a good battery, and it got here really fast."
"amazon-130"	0	"The BT headset was such a disapoinment."
"amazon-848"	0	"Very unreliable service from T-mobile !"
"imdb-866"	1	"The characters are interesting, even if a bit predictable.  "
"imdb-154"	0	"No plot whatsoever!  "
"amazon-59"	1	"I have been very happy with the 510 and have had NO complaints from any one regarding my sound quality on their end."
"yelp-497"	1	"The pancake was also really good and pretty large at that."
"amazon-18"	1	"So Far So Good!."
"yelp-944"	0	"Not good by any stretch of the imagination."
"amazon-290"	1	"This item is great, installed it, let it charged up overnite and it has been working good every since with no problems"
"yelp-156"	1	"the staff is friendly and the joint is always clean."
"amazon-751"	1	"It is light, has plenty of battery capacity, and is very confortable to wear for somewhat extended periods of time."
"imdb-343"	1	"It is very educational for children 1 to 8 years old.  "
"amazon-928"	1	"but it is great, i would really recommend it"
"amazon-488"	0	"Unfortunately the ability to actually know you are receiving a call is a rather important feature and this phone is pitiful in that respect."
"imdb-1"	0	"A very, very, very slow-moving, aimless movie about a distressed, drifting young man.  "
"imdb-707"	0	"The show would begin with smart ass ed comments to each other that would be totally off the wall and uncalled for.  "
"imdb-977"	1	"Just consider the excellent story, solid acting and look of the film as added bonuses.  "
"yelp-948"	0	"I was VERY disappointed!!"
"amazon-966"	0	"I cannot make calls at certain places."
"amazon-443"	0	"They made this case too small and is very difficult to install."
"yelp-870"	0	"The feel of the dining room was more college cooking course than high class dining and the service was slow at best."
"yelp-620"	0	"I will not return."
"amazon-596"	0	"What possesed me to get this junk, I have no idea..."
"yelp-449"	1	"The food is delicious and just spicy enough, so be sure to ask for spicier if you prefer it that way."
"amazon-204"	1	"The best electronics of the available FM Transmitters."
"yelp-882"	0	"The service was terrible, food was mediocre."
"imdb-795"	1	"Predictable, but not a bad watch.  "
"yelp-706"	0	"I work in the hospitality industry in Paradise Valley and have refrained from recommending Cibo any longer."
"yelp-723"	1	"The food was great as always, compliments to the chef."
"yelp-428"	0	"Waiter was a jerk."
"yelp-741"	1	"The restaurant is very clean and has a family restaurant feel to it."
"yelp-716"	1	"Only Pros : Large seating area/ Nice bar area/ Great simple drink menu/ The BEST brick oven pizza with homemade dough!"
"imdb-773"	1	"You learn a lot about the real inside emotions of people in this movie, and a lot about the movie business itself.  "
"yelp-862"	1	"Talk about great customer service of course we will be back."
"imdb-743"	1	"A very good film indeed, about great and unconditional love.  "
"yelp-952"	0	"The tables outside are also dirty a lot of the time and the workers are not always friendly and helpful with the menu."
"yelp-820"	0	"This place should honestly be blown up."
"amazon-93"	1	"Worked great!."
"amazon-496"	0	"Plug was the wrong size."
"imdb-7"	0	"Wasted two hours.  "
"imdb-345"	1	"is pretty funny.  "
"yelp-104"	1	"I LOVED their mussels cooked in this wine reduction, the duck was tender, and their potato dishes were delicious."
"imdb-273"	1	"Everything about this film is simply incredible.  "
"yelp-335"	1	"I love this place."
"yelp-264"	1	"Good service, very clean, and inexpensive, to boot!"
"imdb-872"	0	"The script is horrendously stupid.  "
"amazon-509"	1	"great...no problems at all!."
"yelp-696"	0	"Went for lunch - service was slow."
"yelp-796"	1	"So good I am going to have to review this place twice - once hereas a tribute to the place and once as a tribute to an event held here last night."
"amazon-951"	1	"It is a joy to use."
"amazon-816"	0	"I checked everywhere and there is no feature for it which is really disappointing."
"amazon-680"	1	"The volume for the ringer is REAL good (you have choices how loud)."
"amazon-587"	1	"Battery is holding up well."
"amazon-774"	1	"The reception has been generally good."
"yelp-904"	0	"And the drinks are WEAK, people!"
"amazon-438"	1	"Awsome Device Works Great!!."
"yelp-477"	1	"We enjoy their pizza and brunch."
"yelp-721"	1	"Cute, quaint, simple, honest."
"yelp-589"	1	"My breakfast was perpared great, with a beautiful presentation of 3 giant slices of Toast, lightly dusted with powdered sugar."
"amazon-105"	0	"I received my supposedly new motorola 375 and apparently there was not a match between the phone and the charger."
"imdb-420"	0	"Only like 3 or 4 buildings used, a couple of locations MAYBE, & poor hummh!  "
"amazon-605"	0	"Poor Construction."
"yelp-537"	0	"If there were zero stars I would give it zero stars."
"yelp-303"	0	"The potato chip order was sad... I could probably count how many chips were in that box and it was probably around 12."
"yelp-878"	1	"Go To Place for Gyros."
"imdb-37"	1	"This game rocks.  "
"amazon-278"	1	"Very good phone."
"yelp-68"	1	"Update.....went back for a second time and it was still just as amazing"
"amazon-547"	0	"Worst software ever used.... If I could give this zero stars I would."
"imdb-734"	1	"The point is the journey, a journey that touches every member of the family.  "
"amazon-86"	1	"The headsets are easy to use and everyone loves them."
"yelp-955"	0	"The fries were not hot, and neither was my burger."
"yelp-351"	0	"We sat another ten minutes and finally gave up and left."
"imdb-486"	1	"This movie was kind of long in length, but I enjoyed every minute of it.  "
"amazon-96"	1	"Will order from them again!"
"imdb-251"	0	"The dialogue sucked.  "
"yelp-469"	1	"Love the margaritas, too!"
"yelp-23"	1	"Service is also cute."
"yelp-40"	0	"Service sucks."
"amazon-988"	0	"Phone falls out easily."
"amazon-347"	0	"Reception is terrible and full of static."
"yelp-131"	0	"This place is way too overpriced for mediocre food."
"imdb-965"	1	"The writer, Gorman Bechard, undoubtedly did his homework because all references are industry and character-age appropriate.  "
"yelp-286"	1	"Great Pizza and Salads!"
"amazon-743"	0	"It dit not work most of the time with my Nokia 5320."
"yelp-73"	0	"The service was meh."
"yelp-852"	0	"I probably would not go here again."
"yelp-22"	1	"The food, amazing."
"yelp-492"	1	"The menu had so much good stuff on it i could not decide!"
"yelp-76"	0	"The scallop dish is quite appalling for value as well."
"amazon-574"	1	"I am very happy"
"amazon-382"	1	"you can even take self portraits with the outside (exterior) display, very cool."
"amazon-198"	0	"Bad Choice."
"yelp-404"	1	"Great place to eat, reminds me of the little mom and pop shops in the San Francisco Bay Area."
"amazon-7"	0	"If you have several dozen or several hundred contacts, then imagine the fun of sending each of them one by one."
"yelp-625"	1	"Pretty awesome place."
"yelp-913"	0	"i felt insulted and disrespected, how could you talk and judge another human being like that?"
"yelp-774"	0	"What did bother me, was the slow service."
"imdb-120"	1	"I really liked that.  "
"yelp-267"	0	"The service was not up to par, either."
"yelp-920"	0	"What SHOULD have been a hilarious, yummy Christmas Eve dinner to remember was the biggest fail of the entire trip for us."
"imdb-156"	0	"Horrible!  "
"yelp-836"	0	"I paid the bill but did not tip because I felt the server did a terrible job."
"yelp-667"	1	"The staff was very attentive."
"amazon-639"	1	"I used bitpim (a free program you can find on the internet)to transfer data to the phone.The price of the cable was excellent."
"yelp-113"	1	"This is a really fantastic Thai restaurant which is definitely worth a visit."
"imdb-476"	0	"The dialogue is composed of things that make little sense.  "
"yelp-268"	1	"Thus far, have only visited twice and the food was absolutely delicious each time."
"yelp-496"	0	"And then tragedy struck."
"yelp-313"	1	"The food was very good."
"amazon-949"	1	"nice leather."
"amazon-33"	0	"It is unusable in a moving car at freeway speed."
"amazon-987"	0	"You also cannot take pictures with it in the case because the lense is covered."
"amazon-715"	0	"Not worth it."
"amazon-305"	1	"Everything worked on the first try.The device was certainly engineered in a clever way and the construction feels good."
"amazon-942"	1	"I have tried these cables with my computer and my iPod and it works just fine."
"amazon-116"	1	"The keyboard is a nice compromise between a full QWERTY and the basic cell phone number keypad."
"imdb-239"	0	"The poor actors.  "
"amazon-210"	0	"We are sending it back."
"yelp-596"	1	"The croutons also taste homemade which is an extra plus."
"imdb-319"	1	"All the characters in this film are tremendously well played.  "
"amazon-768"	0	"I really wanted the Plantronics 510 to be the right one, but it has too many issues for me.The good"
"yelp-392"	1	"I will continue to come here on ladies night andddd date night ... highly recommend this place to anyone who is in the area (;"
"amazon-377"	1	"Protects the phone on all sides."
"yelp-443"	1	"Anyway, this FS restaurant has a wonderful breakfast/lunch."
"amazon-566"	0	"Disapointing Results."
"amazon-984"	0	"I am going to have to be the first to negatively review this product."
"yelp-61"	0	"At least think to refill my water before I struggle to wave you over for 10 minutes."
"imdb-13"	1	"The Songs Were The Best And The Muppets Were So Hilarious.  "
"imdb-996"	0	"I just got bored watching Jessice Lange take her clothes off!  "
"yelp-588"	0	"I hate those things as much as cheap quality black olives."
"imdb-732"	1	"It handles some tough issues with dignity and grace, and, of course, has (shocking spoiler here!  "
"imdb-695"	1	"You wont regret it!  "
"imdb-822"	1	"Conclusion - I loved it.  "
"amazon-958"	1	"Love it.. Great armband."
"amazon-548"	0	"Trying to make a call on these is an exercise in frustration."
"imdb-489"	0	"I particularly remember my senses being assaulted by strident cords of music that would blare out with very little warning, and even less meaning.  "
"imdb-204"	1	"His on screen presence shined thought even though there were other senior actors on the screen with him.  "
"imdb-50"	1	"The film succeeds despite, or perhaps because of, an obviously meagre budget.  "
"amazon-572"	1	"This fixes all the problems."
"yelp-816"	1	"I can say that the desserts were yummy."
"yelp-693"	1	"will definitely be back!"
"imdb-691"	1	"Punishment Park is a brilliant piece of cinema.  "
"amazon-602"	0	"The real killer is the volume, and of course it breaking."
"amazon-885"	1	"I am pairing this with my iphone, and I could not be happier with it so far."
"imdb-406"	1	"I rather enjoyed it.  "
"yelp-928"	0	"It also took her forever to bring us the check when we asked for it."
"amazon-694"	0	"The biggest complaint I have is, the battery drains superfast."
"yelp-226"	1	"I loved the bacon wrapped dates."
"yelp-14"	1	"I tried the Cape Cod ravoli, chicken,with cranberry...mmmm!"
"yelp-809"	1	"Lastly, the mozzarella sticks, they were the best thing we ordered."
"amazon-585"	1	"Better than expected."
"imdb-80"	1	"He is an amazing film artist, one of the most important whoever lived.  "
"amazon-303"	1	"Someone shouldve invented this sooner."
"amazon-964"	1	"I use this product in a motor control center where there is a lot of high voltage humming from the equipment, and it works great!"
"amazon-817"	1	"Product is exactly as described."
"amazon-937"	0	"I kept catching the cable on the seat and I had to pull the phone out to turn it on an off."
"yelp-485"	1	"Delicious and I will absolutely be back!"
"yelp-961"	0	"Insults, profound deuchebaggery, and had to go outside for a smoke break while serving just to solidify it."
"yelp-100"	1	"On the up side, their cafe serves really good food."
"yelp-452"	1	"Food was so gooodd."
"yelp-893"	0	"Pricing is a bit of a concern at Mellow Mushroom."
"yelp-234"	0	"Ordered a double cheeseburger & got a single patty that was falling apart (picture uploaded) Yeah, still sucks."
"amazon-512"	0	"You never know if you pushed it hard enough or the right number of times for the function you want or not."
"amazon-291"	1	"Great Phone."
"imdb-889"	0	"Avoid this film at all costs.  "
"amazon-70"	1	"This device is great in several situations:1.)"
"imdb-907"	0	"The secondary plot line is incomprehensible and its relation to the primary plot line is mystifying.  "
"amazon-430"	1	"My Sanyo has survived dozens of drops on blacktop without ill effect."
"amazon-321"	1	"I am also very happy with the price."
"amazon-256"	0	"poor quality and service."
"amazon-466"	1	"The battery works great!"
"amazon-764"	0	"This particular model would not work with my Motorola Q smartphone."
"yelp-639"	0	"After waiting an hour and being seated, I was not in the greatest of moods."
"imdb-711"	0	"The stories were as unbelievable as the actors.  "
"imdb-229"	1	"When I first watched this movie, in the 80s, I loved it.  "
"amazon-397"	0	"Using all earpieces, left or right, this thing will not stay on my ear."
"amazon-709"	0	"I bought this phone as a replacement for my StarTac and have regretted it since."
"imdb-882"	0	"I was bored throughout the whole damn thing.  "
"yelp-479"	1	"We had a group of 70+ when we claimed we would only have 40 and they handled us beautifully."
"imdb-296"	1	"His use of the colours of the French flag in the three films was nothing short of incredible, every shot, every scene was like a work of art.  "
"amazon-221"	0	"Freezes frequently4."
"imdb-32"	1	"Waste your money on this game.  "
"imdb-23"	1	"How can anyone in their right mind ask for anything more from a movie than this?  "
"amazon-12"	1	"He was very impressed when going from the original battery to the extended battery."
"amazon-128"	0	"it did not work in my cell phone plug i am very up set with the charger!."
"yelp-89"	1	"Omelets are to die for!"
"yelp-487"	1	"They had a toro tartare with a cavier that was extraordinary and I liked the thinly sliced wagyu with white truffle."
"amazon-9"	0	"Needless to say, I wasted my money."
"imdb-62"	1	"All in all I give this one a resounding 9 out of 10.  "
"yelp-478"	1	"The steaks are all well trimmed and also perfectly cooked."
"imdb-121"	1	"A great film by a great director.  "
"amazon-80"	0	"I purchased this and within 2 days it was no longer working!!!!!!!!!"
"yelp-215"	1	"Extremely Tasty!"
"imdb-418"	0	"Even worse than Ticker!  "
"yelp-91"	0	"In summary, this was a largely disappointing dining experience."
"yelp-279"	0	"I think not again"
"yelp-375"	0	"And the beans and rice were mediocre at best."
"yelp-377"	0	"I took back my money and got outta there."
"amazon-689"	0	"Too bad you have to pay up to $$$ a month for the service!"
"yelp-164"	0	"Avoid at all cost!"
"amazon-646"	0	"Linksys should have some way to exchange a bad phone for a refurb unit or something!"
"imdb-313"	1	"This is such a fun and funny movie.  "
"amazon-156"	1	"This phone is very fast with sending any kind of messages and web browsing is significantly faster than previous phones i have used."
"yelp-326"	1	"The black eyed peas and sweet potatoes... UNREAL!"
"yelp-662"	1	"Very convenient, since we were staying at the MGM!"
"imdb-649"	1	"This movie does an excellent job of revealing the complexity of the task and the incredible challenges facing South Africa.  "
"imdb-477"	0	"About 30 minutes of footage is wasted to show mediocre elderly actors awkwardly babbling overwrought pseudo-Satanic gibberish corny enough to make a teen Goth blush, almost always in Olde English, and sometimes in Latin that may or may not be made up words.  "
"amazon-493"	1	"I would definitely recommend the Jabra BT250v for those who are looking for comfort, clarity and a great price!"
"amazon-946"	1	"It is easy to turn on and off when you are in the car and the volume controls are quite accessable."
"amazon-162"	1	"Great charger."
"yelp-823"	1	"I love that they put their food in nice plastic containers as opposed to cramming it in little paper takeout boxes."
"imdb-122"	1	"The movie had you on the edge of your seat and made you somewhat afraid to go to your car at the end of the night.  "
"yelp-568"	1	"Food was delicious!"
"amazon-538"	1	"Small, sleek, impressive looking, practical setup with ample storage in place."
"imdb-282"	0	"Again, lame.  "
"yelp-284"	0	"This place is not quality sushi, it is not a quality restaurant."
"amazon-803"	1	"Great price, too!"
"imdb-554"	0	"This movie is a solid example of a bad plot and a very, very bad idea all the way.  "
"amazon-525"	1	"Works great!."
"amazon-787"	0	"They work about 2 weeks then break."
"imdb-394"	1	"Having to humour him just to get by and get through the day was so apt.  "
"amazon-381"	1	"Great Hands Free Device."
"amazon-907"	1	"But despite these few flaws, this case is of exceptional quality and well worth the additional costs of owning an official OEM product."
"amazon-403"	1	"Excellent product for the price."
"imdb-507"	0	"About half way through this film I started to dislike it.  "
"amazon-159"	1	"And I just love the colors!"
"imdb-625"	0	"The basic premise is wasted since it is sidelined by the inexplicable focus on the documentary crew.  "
"yelp-901"	0	"Spend your money elsewhere."
"amazon-623"	1	"This is a great product..... sure beats using your fingers!."
"yelp-368"	1	"Would come back again if I had a sushi craving while in Vegas."
"amazon-882"	0	"Having trouble with volume."
"imdb-963"	1	"Their on-screen chemistry, critical to the entire film, is genuine.  "
"imdb-61"	1	"I sat riveted to the TV screen.  "
"amazon-644"	1	"They do not last forever, but is not overly expensive to replace.Easy to operate and the sound is much better than others I have tried."
"yelp-71"	1	"The deal included 5 tastings and 2 drinks, and Jeff went above and beyond what we expected."
"imdb-357"	1	"Now you know why I gave it a 10+!  "
"amazon-600"	1	"For the price on Amazon, it is an excellent product, which I would highly recommend."
"imdb-352"	0	"Even if you love bad movies, do not watch this movie.  "
"amazon-36"	0	"You need at least 3 mins to get to your phone book from the time you first turn on the phone.Battery life is short."
"yelp-199"	1	"Very friendly staff."
"imdb-11"	1	"And those baby owls were adorable.  "
"imdb-168"	0	"Crash is a depressing little nothing, that provokes emotion, but teaches you nothing if you already know racism and prejudice are bad things.  "
"imdb-908"	0	"Hated it.  "
"imdb-226"	0	"And the rest of it just sits there being awful... with soldiers singing songs about the masculinity they pledge themselves to, hairsplitting about purity, the admiration of swords, etc.  "
"imdb-549"	1	"The original Body and Soul (1947) is a masterpiece.  "
"amazon-648"	1	"Great phone."
"yelp-619"	1	"They really want to make your experience a good one."
"amazon-445"	1	"I would recommend purchasing the Jabra JX-10 series 2 which works flawlessly with my Moto Q, go figure."
"imdb-289"	0	"Really bad.  "
"imdb-372"	0	"The plot was the same as pretty much every other cheap horror.  "
"amazon-796"	1	"Perfect for the PS3."
"yelp-87"	0	"The poor batter to meat ratio made the chicken tenders very unsatisfying."
"yelp-897"	1	"The pizza selections are good."
"imdb-697"	0	"Well... Just if you keep thinking how bad it is.  "
"amazon-923"	1	"Happy so far!."
"amazon-772"	0	"VERY cheap plastic, creaks like an old wooden floor."
"amazon-932"	0	"This pair of headphones is the worst that I have ever had sound-wise."
"yelp-88"	1	"All I have to say is the food was amazing!!!"
"imdb-315"	1	"It features an outlandish array of memorable, psychotic but lovable nuts.  "
"amazon-731"	1	"This product is great... it makes working a lot easier I can go to the copier while waiting on hold for something."
"imdb-650"	1	"I believe every one should see this movie as I think few people outside of South Africa understand its past and what is being attempted in the Truth and Reconciliation process.  "
"yelp-790"	1	"Great atmosphere, friendly and fast service."
"imdb-221"	0	"The plot simply rumbles on like a machine, desperately depending on the addition of new scenes.  "
"imdb-940"	1	"The scenery that the two daughters paint and photograph are beautiful.  "
"yelp-20"	0	"did not like at all."
"amazon-431"	1	"Fantastic earphones."
"amazon-760"	1	"Its the best headset I have used."
"amazon-492"	1	"It is super charged up for use as a small hybrid palmtop/camera/cellphone, and excels in those roles."
"yelp-282"	0	"Service stinks here!"
"yelp-38"	0	"Poor service, the waiter made me feel like I was stupid every time he came to the table."
"yelp-304"	0	"Food was really boring."
"yelp-453"	0	"I am far from a sushi connoisseur but I can definitely tell the difference between good food and bad food and this was certainly bad food."
"imdb-718"	0	"You can find better movies at youtube.  "
"imdb-904"	1	"There is, however, some pretty good acting (at least, for this type of film).  "
"yelp-664"	1	"Both great!"
"yelp-425"	0	"What a mistake that was!"
"imdb-433"	0	"In short - this was a monumental waste of time and energy and I would not recommend anyone to EVER see this film.  "
"amazon-811"	0	"Improper description.... I had to return it."
"yelp-865"	1	"Always a pleasure dealing with him."
"amazon-609"	0	"It is cheap, and it feel and look just as cheap."
"amazon-704"	1	"lightweight and works well."
"imdb-150"	0	"The only possible way this movie could be redeemed would be as MST3K fodder.  "
"imdb-694"	1	"I advise you to look out for it.  "
"imdb-588"	0	"There is no plot here to keep you going in the first place.  "
"yelp-604"	1	"Good value, great food, great service."
"imdb-715"	1	"The attractive set used throughout most of the film is an eye-pleasing gem.  "
"imdb-86"	1	"Give this one a look.  "
"amazon-531"	1	"Keep up the good work Amazon!!"
"yelp-585"	0	"After I pulled up my car I waited for another 15 minutes before being acknowledged."
"imdb-259"	0	"Overall, this movie was cheap trash.  "
"amazon-394"	1	"Excellent product, I am very satisfied with the purchase."
"amazon-310"	0	"They do not care about the consumer one bit."
"yelp-178"	1	"The atmosphere is modern and hip, while maintaining a touch of coziness."
"imdb-413"	1	"Not too screamy not to masculine but just right.  "
"amazon-387"	0	"Poor sound quality."
"yelp-253"	1	"The Greek dressing was very creamy and flavorful."
"imdb-380"	0	"Lucy Bell is so much higher than this crap and for her to sink this low is quite depressing.  "
"amazon-956"	0	"Buttons are too small."
"yelp-394"	1	"We walked away stuffed and happy about our first Vegas buffet experience."
"amazon-2"	1	"Good case, Excellent value."
"amazon-340"	0	"It is practically useless and did not add any kind of boost to my reception after I bought it."
"amazon-557"	1	"Great product for the price!."
"yelp-807"	1	"I could eat their bruschetta all day it is devine."
"yelp-566"	0	"I will never go back to this place and will never ever recommended this place to anyone!"
"amazon-13"	0	"If the two were seperated by a mere 5+ ft I started to notice excessive static and garbled sound from the headset."
"yelp-827"	0	"Food quality has been horrible."
"yelp-698"	0	"I was mortified."
"amazon-426"	1	"Overall, I am psyched to have a phone which has all my appointments and contacts in and gets great reception."
"yelp-59"	1	"The salad had just the right amount of sauce to not over power the scallop, which was perfectly cooked."
"imdb-67"	0	"There is a totally unnecessary train/roller coaster scene.  "
"yelp-298"	1	"I love the fact that everything on their menu is worth it."
"yelp-323"	1	"Service was exceptional and food was a good as all the reviews."
"yelp-806"	0	"I had high hopes for this place since the burgers are cooked over a charcoal grill, but unfortunately the taste fell flat, way flat."
"amazon-497"	1	"Works as described."
"imdb-520"	0	"Final Word: This Show is a real torture!!  "
"amazon-254"	1	"I love all the features and form factor."
"yelp-186"	1	"I ordered the Lemon raspberry ice cocktail which was also incredible."
"amazon-49"	1	"This case seems well made."
"amazon-846"	0	"Stay Away From the Q!."
"amazon-180"	0	"If you like a loud buzzing to override all your conversations, then this phone is for you!"
"yelp-654"	0	"Not much flavor to them, and very poorly constructed."
"imdb-351"	0	"Everything about this movie is stupid.  "
"imdb-526"	0	"From here on the Widmark character turns unintentionally comical!  "
"imdb-846"	1	"Call me a nut, but I think this is one of the best movies ever.  "
"imdb-321"	1	"This is actually a very smart movie.  "
"yelp-626"	1	"Ambience is perfect."
"imdb-926"	0	"Not easy to watch.  "
"imdb-173"	0	"I certainly do not mean this distinction in a good way.  "
"imdb-759"	1	"A standout scene.  "
"amazon-825"	0	"Awkward to use and unreliable."
"imdb-550"	1	"John Garfield, Ann revere, Lilli Plmer, William Conrad, Canada Lee...and filmed by one of the greatest cinematographers to ever grace the screen..James Wong Howe.  "
"imdb-458"	0	"If only someone involved with it knew how to string together narrative!  "
"yelp-6"	0	"Now I am getting angry and I want my damn pho."
"imdb-748"	1	"Aailiyah was pretty good as Akasha, in places compelling (her first entrance and mini dance scene).  "
"imdb-953"	1	"It presents a idyllic yet serious portrayal of the ups and downs of the characters lives.  "
"yelp-586"	1	"Great food and great service in a clean and friendly setting."
"yelp-48"	1	"The burger is good beef, cooked just right."
"imdb-880"	0	"Dee Snider just plain sucks.  "
"yelp-686"	0	"Total brunch fail."
"amazon-395"	1	"I highly recommend these and encourage people to give them a try."
"yelp-65"	1	"We are so glad we found this place."
"yelp-352"	0	"He was terrible!"
"yelp-272"	1	"You cant go wrong with any of the food here."
"amazon-738"	1	"The tracfonewebsite is user friendly and makes it easy toactivate, etc."
"amazon-793"	1	"Great Phone."
"imdb-708"	0	"The fat computer geek was unbelievable, the bible thumper, the bad-ass girl, who are these actors???  "
"amazon-883"	1	"The only good thing was that it fits comfortably on small ears."
"imdb-967"	1	"Each track commands sentiment, actually contributing to the scenes and characters.  "
"imdb-181"	0	"The lead man is charisma-free.  "
"yelp-531"	1	"Everything was good and tasty!"
"amazon-47"	0	"Who in their right mind is gonna buy this battery?."
"imdb-178"	0	"The story is beyond stupid.  "
"imdb-159"	0	"I hate movies like that.  "
"amazon-671"	0	"its extremely slow and takes forever to do anything with it."
"imdb-612"	1	"I believe that Pitch Black was done well.  "
"imdb-281"	0	"It was forced, like everything in this movie.  "
"imdb-306"	1	"the story which was told so eloquently by Francis ford Coppola 25 years earlier, really unfolds gradually and leaves room for the characters to develop.  "
"amazon-360"	1	"The microphone also works well, but (according to people I have called) it applifies everything."
"yelp-595"	0	"It was a pale color instead of nice and char and has NO flavor."
"imdb-342"	1	"It is a really good show to watch.  "
"amazon-893"	1	"Excellent product for the price."
"amazon-740"	1	"I great reception all the time."
"imdb-441"	1	"Both do good jobs and are quite amusing.  "
"imdb-681"	1	"It was also the right balance of war and love.  "
"yelp-372"	0	"They dropped more than the ball."
"imdb-218"	1	"Secondly, Hitchcock pretty much perfected the thriller and chase movie.  "
"imdb-753"	1	"Meredith M was better than all right.  "
"amazon-697"	1	"The phone can also take great pictures and even video clips."
"amazon-904"	1	"I love being able to use one headset for both by land-line and cell."
"amazon-686"	1	"Easy to pair with my Samsung Cell."
"imdb-186"	0	"Highly unrecommended.  "
"amazon-69"	1	"Great for iPODs too."
"yelp-729"	1	"The Han Nan Chicken was also very tasty."
"imdb-490"	0	"It is just the sort of pap that is screened in the afternoon to punish the unemployed for not having jobs.  "
"yelp-671"	0	"dont go here."
"imdb-243"	1	"If good intentions made a film great, then this film might be one of the greatest films ever made.  "
"amazon-597"	0	"Piece of trash."
"yelp-829"	0	"The service here is fair at best."
"yelp-402"	0	"Overall, I was very disappointed with the quality of food at Bouchon."
"amazon-783"	0	"Treo and T-Mobile refused to replace it again and forced me to buy another phone without any kind of upgrade discount."
"yelp-899"	0	"Highly unprofessional and rude to a loyal patron!"
"yelp-601"	1	"I miss it and wish they had one in Philadelphia!"
"amazon-274"	1	"I gave it 5 stars because of the sound quality."
"yelp-734"	1	"Overall, I like there food and the service."
"imdb-25"	1	"Yes, this film does require a rather significant amount of puzzle-solving, but the pieces fit together to create a beautiful picture.  "
"amazon-372"	1	"Display is excellent and camera is as good as any from that year."
"amazon-752"	0	"disappointing."
"imdb-317"	1	"It even has its sweet moments.  "
"yelp-789"	1	"The staff is super nice and very quick even with the crazy crowds of the downtown juries, lawyers, and court staff."
"amazon-88"	0	"The construction of the headsets is poor."
"imdb-729"	1	"Very nice and relaxing late night viewing.  "
"amazon-87"	1	"This phone works great."
"imdb-252"	0	"The cinematography-if it can be called that-sucked.  "
"imdb-145"	1	"This is definitely a cult classic well worth viewing and sharing with others.  "
"amazon-884"	0	"WARNING - DO NOT BUY!!."
"amazon-721"	1	"Good value, works fine - power via USB, car, or wall outlet."
"amazon-874"	1	"My sister has one also and she loves it."
"imdb-559"	0	"The script is a big flawed mess.  "
"amazon-777"	1	"I highly recommend this case."
"yelp-120"	0	"Although I very much liked the look and sound of this place, the actual experience was a bit disappointing."
"yelp-50"	1	"My side Greek salad with the Greek dressing was so tasty, and the pita and hummus was very refreshing."
"amazon-464"	0	"Disappointed!."
"imdb-426"	0	"Almost everyone involved must be return to school, acting is utterly predictable and bad, script is pile of garbage all round.  "
"amazon-675"	0	"Then I had to continue pairing it periodically since it somehow kept dropping."
"amazon-684"	1	"I love the ringtones because they are so upbeat!"
"amazon-344"	1	"New Battery works great in phone."
"yelp-139"	0	"He was extremely rude and really, there are so many other restaurants I would love to dine at during a weekend in Vegas."
"imdb-829"	1	"Juano Hernandez (an exceptional actor who played supporting roles in many films of the era) is a proud black man who is accused of murdering a white man in the South.  "
"yelp-616"	1	"The cow tongue and cheek tacos are amazing."
"yelp-791"	1	"When I received my Pita it was huge it did have a lot of meat in it so thumbs up there."
"yelp-58"	0	"Not much seafood and like 5 strings of pasta at the bottom."
"imdb-454"	0	"Not even good for camp value!  "
"amazon-940"	1	"I like the fact that it rests lightly against your ear, rather than inside."
"amazon-886"	0	"When it opens, the battery connection is broken and the device is turned off."
"amazon-331"	1	"VERY comfortable."
"imdb-728"	1	"The transfers are very good.  "
"imdb-665"	0	"Even allowing for poor production values for the time (1971) and the format (some kind of mini-series), this is baaaaaad.  "
"amazon-442"	0	"I might have gotten a defect, but I would not risk buying it again because of the built quality alone."
"yelp-420"	1	"Our server was very nice, and even though he looked a little overwhelmed with all of our needs, he stayed professional and friendly until the end."
"amazon-726"	1	"I have always used corded headsets and the freedom from the wireless is very helpful."
"amazon-235"	1	"Really pleased with this product so far."
"imdb-990"	1	":) Anyway, the plot flowed smoothly and the male-bonding scenes were a hoot.  "
"imdb-563"	0	"The lighting is awful.  "
"amazon-40"	0	"worthless product."
"amazon-373"	1	"Battery life is also great!"
"yelp-200"	1	"It is worth the drive."
"imdb-938"	1	"They are so easy to love, but even more easy to identify with.  "
"amazon-313"	1	"Also its slim enough to fit into my alarm clock docking station without removing the case."
"amazon-115"	1	"Absolutely great."
"yelp-19"	0	"This place is not worth your time, let alone Vegas."
"amazon-406"	1	"I especially love the long battery life."
"amazon-97"	0	"If you plan to use this in a car forget about it."
"yelp-97"	1	"Will be back again!"
"imdb-706"	0	"One of the worst shows of all time.  "
"yelp-802"	1	"And service was super friendly."
"imdb-911"	0	"I highly doubt that anyone could ever like this trash.  "
"yelp-984"	0	"It sure does beat the nachos at the movies but I would expect a little bit more coming from a restaurant."
"amazon-272"	1	"Worked perfectly!"
"amazon-179"	0	"It only recognizes the Phone as its storage device."
"amazon-617"	0	"Poor product."
"yelp-363"	1	"Pretty cool I would say."
"imdb-499"	1	"Initially the local sites in the film, which was filmed here in Buffalo, intrigued me.  "
"yelp-600"	0	"Not good for the money."
"amazon-111"	1	"Sound quality on both end is excellent, I use headset to call my wife and ask my wife to use headset to call me !2."
"amazon-699"	1	"Because both ears are occupied, background is not distracting at all."
"imdb-457"	0	"This film (and I use that word loosely) is an insult to the movie-going public.  "
"amazon-664"	1	"Its well-designed and very sharp -- the blue is a very nice color."
"imdb-494"	1	"See it.  "
"imdb-730"	1	"The movie is full of wonderful dancing (hence the title!  "
"imdb-214"	1	"Ray Charles is legendary.  "
"amazon-962"	1	"I was very impressed with the price of the cases."
"imdb-27"	0	"Graphics is far from the best part of the game.  "
"amazon-343"	0	"A PIECE OF JUNK THAT BROKE AFTER BEING ON MY PHONE FOR 2 DAYS!!!"
"amazon-716"	0	"The phone crashed completely and now I have to get it replaced."
"yelp-491"	1	"I will be back many times soon."
"imdb-599"	0	"Every element of this story was so over the top, excessively phony and contrived that it was painful to sit through.  "
"yelp-218"	1	"The Jamaican mojitos are delicious."
"yelp-231"	1	"This wonderful experience made this place a must-stop whenever we are in town again."
"yelp-448"	0	"Sauce was tasteless."
"imdb-469"	1	"I knew when I saw the film that more great things were to come from this gifted actor.  "
"amazon-827"	0	"Not as good as I had hoped."
"amazon-124"	0	"Bad Quality."
"yelp-147"	0	"The menu is always changing, food quality is going down & service is extremely slow."
"imdb-817"	1	"The warmth it generates is in contrast to its austere backdrop.  "
"imdb-22"	1	"In other words, the content level of this film is enough to easily fill a dozen other films.  "
"yelp-933"	0	"WAAAAAAyyyyyyyyyy over rated is all I am saying."
"imdb-878"	1	"Linda Cardellini is the only thing good in this film.  "
"yelp-954"	0	"Con: spotty service."
"amazon-427"	1	"every thing on phone work perfectly, she like it."
"yelp-603"	1	"They also have the best cheese crisp in town."
"imdb-583"	0	"Filmiing was less expansive.  "
"amazon-255"	0	"This product had a strong rubber/petroleum smell that was unbearable after a while and caused me to return it"
"yelp-457"	1	"The food was very good and I enjoyed every mouthful, an enjoyable relaxed venue for couples small family groups etc."
"imdb-991"	1	"The opening sequence of this gem is a classic, and the cat n mouse games that follow are a delight to watch.  "
"imdb-176"	0	"Everything is appalling.  "
"amazon-337"	0	"Obviously there is a problem with the adhesive."
"imdb-59"	1	"Anne Heche was utterly convincing.  "
"yelp-202"	1	"Food was great and so was the serivce!"
"yelp-539"	0	"Worst martini ever!"
"imdb-347"	1	"The kids are very cool too.  "
"yelp-945"	0	"The cashew cream sauce was bland and the vegetables were undercooked."
"yelp-376"	1	"Best tacos in town by far!!"
"yelp-353"	1	"Everyone is treated equally special."
"imdb-696"	1	"Highly recommended A+  "
